"2","Antonette","False","suscipit repellat esse quibusdam voluptatem incidunt"
"2","Antonette","True","distinctio vitae autem nihil ut molestias quo"
"2","Antonette","False","et itaque necessitatibus maxime molestiae qui quas velit"
"2","Antonette","False","adipisci non ad dicta qui amet quaerat doloribus ea"
"2","Antonette","True","voluptas quo tenetur perspiciatis explicabo natus"
"2","Antonette","True","aliquam aut quasi"
"2","Antonette","True","veritatis pariatur delectus"
"2","Antonette","False","nesciunt totam sit blanditiis sit"
"2","Antonette","False","laborum aut in quam"
"2","Antonette","True","nemo perspiciatis repellat ut dolor libero commodi blanditiis omnis"
"2","Antonette","False","repudiandae totam in est sint facere fuga"
"2","Antonette","False","earum doloribus ea doloremque quis"
"2","Antonette","False","sint sit aut vero"
"2","Antonette","False","porro aut necessitatibus eaque distinctio"
"2","Antonette","True","repellendus veritatis molestias dicta incidunt"
"2","Antonette","True","excepturi deleniti adipisci voluptatem et neque optio illum ad"
"2","Antonette","False","sunt cum tempora"
"2","Antonette","False","totam quia non"
"2","Antonette","False","doloremque quibusdam asperiores libero corrupti illum qui omnis"
"2","Antonette","True","totam atque quo nesciunt"
"2","Antonette","False","suscipit repellat esse quibusdam voluptatem incidunt"
"2","Antonette","True","distinctio vitae autem nihil ut molestias quo"
"2","Antonette","False","et itaque necessitatibus maxime molestiae qui quas velit"
"2","Antonette","False","adipisci non ad dicta qui amet quaerat doloribus ea"
"2","Antonette","True","voluptas quo tenetur perspiciatis explicabo natus"
"2","Antonette","True","aliquam aut quasi"
"2","Antonette","True","veritatis pariatur delectus"
"2","Antonette","False","nesciunt totam sit blanditiis sit"
"2","Antonette","False","laborum aut in quam"
"2","Antonette","True","nemo perspiciatis repellat ut dolor libero commodi blanditiis omnis"
"2","Antonette","False","repudiandae totam in est sint facere fuga"
"2","Antonette","False","earum doloribus ea doloremque quis"
"2","Antonette","False","sint sit aut vero"
"2","Antonette","False","porro aut necessitatibus eaque distinctio"
"2","Antonette","True","repellendus veritatis molestias dicta incidunt"
"2","Antonette","True","excepturi deleniti adipisci voluptatem et neque optio illum ad"
"2","Antonette","False","sunt cum tempora"
"2","Antonette","False","totam quia non"
"2","Antonette","False","doloremque quibusdam asperiores libero corrupti illum qui omnis"
"2","Antonette","True","totam atque quo nesciunt"
"5","Kamren","True","suscipit qui totam"
"5","Kamren","False","voluptates eum voluptas et dicta"
"5","Kamren","True","quidem at rerum quis ex aut sit quam"
"5","Kamren","False","sunt veritatis ut voluptate"
"5","Kamren","True","et quia ad iste a"
"5","Kamren","True","incidunt ut saepe autem"
"5","Kamren","True","laudantium quae eligendi consequatur quia et vero autem"
"5","Kamren","False","vitae aut excepturi laboriosam sint aliquam et et accusantium"
"5","Kamren","True","sequi ut omnis et"
"5","Kamren","True","molestiae nisi accusantium tenetur dolorem et"
"5","Kamren","True","nulla quis consequatur saepe qui id expedita"
"5","Kamren","True","in omnis laboriosam"
"5","Kamren","True","odio iure consequatur molestiae quibusdam necessitatibus quia sint"
"5","Kamren","False","facilis modi saepe mollitia"
"5","Kamren","True","vel nihil et molestiae iusto assumenda nemo quo ut"
"5","Kamren","False","nobis suscipit ducimus enim asperiores voluptas"
"5","Kamren","False","dolorum laboriosam eos qui iure aliquam"
"5","Kamren","True","debitis accusantium ut quo facilis nihil quis sapiente necessitatibus"
"5","Kamren","False","neque voluptates ratione"
"5","Kamren","False","excepturi a et neque qui expedita vel voluptate"
"5","Kamren","True","suscipit qui totam"
"5","Kamren","False","voluptates eum voluptas et dicta"
"5","Kamren","True","quidem at rerum quis ex aut sit quam"
"5","Kamren","False","sunt veritatis ut voluptate"
"5","Kamren","True","et quia ad iste a"
"5","Kamren","True","incidunt ut saepe autem"
"5","Kamren","True","laudantium quae eligendi consequatur quia et vero autem"
"5","Kamren","False","vitae aut excepturi laboriosam sint aliquam et et accusantium"
"5","Kamren","True","sequi ut omnis et"
"5","Kamren","True","molestiae nisi accusantium tenetur dolorem et"
"5","Kamren","True","nulla quis consequatur saepe qui id expedita"
"5","Kamren","True","in omnis laboriosam"
"5","Kamren","True","odio iure consequatur molestiae quibusdam necessitatibus quia sint"
"5","Kamren","False","facilis modi saepe mollitia"
"5","Kamren","True","vel nihil et molestiae iusto assumenda nemo quo ut"
"5","Kamren","False","nobis suscipit ducimus enim asperiores voluptas"
"5","Kamren","False","dolorum laboriosam eos qui iure aliquam"
"5","Kamren","True","debitis accusantium ut quo facilis nihil quis sapiente necessitatibus"
"5","Kamren","False","neque voluptates ratione"
"5","Kamren","False","excepturi a et neque qui expedita vel voluptate"
